text,label
intro to probability and statistical data analysis class with Python,DEK3023
"how to learn hypothesis testing, regression, and data visualization in a single course",DEK3023
which university course covers Excel Data Analysis Toolpak and SPSS for stats majors,DEK3023
"looking for a stats class that teaches Pandas, SciPy, and R for data analysis",DEK3023
career paths after completing a probability and statistical data analysis course,DEK3023
intro to probability and statistical data analysis class with Python and R,DEK3023
"how to learn hypothesis testing (z‑test, t‑test) and regression in a university course",DEK3023
best college course for data visualization using matplotlib and Excel’s Analysis Toolpak,DEK3023
career paths for students who study probability modeling and statistical software,DEK3023
"where can I take a stats class that covers SPSS, Minitab, and linear correlation analysis",DEK3023
probability and statistical data analysis class with Python and Excel,DEK3023
"how to learn hypothesis testing, regression, and data visualization for a stats major",DEK3023
"best university course for mastering statistical software like SPSS, Minitab, and R",DEK3023
what courses cover probability modeling and linear regression for data science careers,DEK3023
"intro to statistical data analysis using Pandas, SciPy, and Matplotlib in undergrad programs",DEK3023
intro to probability and statistical data analysis class with Python and R,DEK3023
"best college course to learn hypothesis testing, t‑tests, and z‑tests",DEK3023
"statistics class that covers linear regression, correlation, and data visualization",DEK3023
career options after studying probability modeling and data analysis,DEK3023
"where can I take a course that uses Excel Data Analysis Toolpak, SPSS, or Minitab?",DEK3023
intro to probability modeling and data analysis class near campus,DEK3023
learn hypothesis testing (z‑test & t‑test) with Python and Excel tutorials,DEK3023
"best university course for linear regression, correlation analysis, and data visualization",DEK3023
"statistics course that covers R, SPSS, and Minitab for business analytics",DEK3023
which stats classes boost a data analyst career and include practical software training,DEK3023
probability and statistical data analysis class with Python and Excel,DEK3023
where can I learn hypothesis testing and regression for a data science major,DEK3023
courses covering data visualization and statistical modeling for beginners,DEK3023
"what stats course teaches R, SPSS, and linear regression for business analytics",DEK3023
best university class to prepare for a data analyst career with probability and stats,DEK3023
intro to probability modeling and statistical data analysis class,DEK3023
"learn hypothesis testing (z‑test, t‑test) using Python and Excel",DEK3023
"best university course for linear regression, correlation, and data visualization",DEK3023
"where can I study stats with R, SPSS, and Minitab for a data analyst career",DEK3023
"how to master data analysis tools (Pandas, SciPy, Matplotlib) in a college course",DEK3023
Where can I find a university class that teaches probability modeling and hypothesis testing with Python?,DEK3023
"Looking for a course that covers linear regression, correlation analysis, and data visualization in R.",DEK3023
What undergrad class includes statistical data analysis using Excel’s Data Analysis Toolpak and SPSS?,DEK3023
"Need a stats course that covers Z‑tests, T‑tests, and hypothesis testing for a data science career.",DEK3023
"Is there a class that combines Pandas, SciPy, and Minitab for practical data analysis skills?",DEK3023
probability and statistical data analysis class near me,DEK3023
learn hypothesis testing (z‑test & t‑test) with Python and R,DEK3023
best university course for linear regression and data visualization,DEK3023
what skills do I need for a data analyst job? stats and programming courses,DEK3023
excel data analysis toolpak and SPSS tutorial course options,DEK3023
intro to probability and data analysis class with python,DEK3023
where can I learn hypothesis testing and regression in university,DEK3023
statistics course that covers Excel and SPSS data analysis tools,DEK3023
best undergrad class for data visualization and statistical modeling,DEK3023
career paths after taking a probability and statistical analysis course,DEK3023
Where can I take a class on numerical analysis and MATLAB for engineering?,DEK3033
What courses teach root‑finding algorithms like Newton‑Raphson and bisection?,DEK3033
Looking for a university course that covers C++/Python for numerical computing.,DEK3033
Which class helps with error propagation and regression analysis in scientific computing?,DEK3033
"Best course to learn numerical integration, linear algebra solvers, and curve fitting for a data‑science career?",DEK3033
best undergraduate class for numerical analysis and algorithm design with MATLAB and Python,DEK3033
look for a course that teaches root‑finding methods like bisection and Newton‑Raphson,DEK3033
"where can I study LU factorization, Gauss elimination, and numerical integration in one class",DEK3033
"search for a university course on curve fitting, regression analysis, and error propagation",DEK3033
need a class that covers numerical computing in C++ and Python for engineering problems,DEK3033
looking for a university class on numerical analysis and algorithm design with MATLAB,DEK3033
where can I learn root‑finding methods like Newton‑Raphson and bisection in a course,DEK3033
"best course to study LU factorization, Gauss elimination, and numerical linear algebra",DEK3033
"how to get hands‑on experience with numerical integration, differentiation, and error propagation",DEK3033
which class teaches C++/Python for numerical computing and curve fitting for engineering jobs,DEK3033
Where can I enroll in a class that teaches MATLAB and Python for numerical computing?,DEK3033
Looking for a university course that covers root‑finding methods like Newton‑Raphson and bisection.,DEK3033
What class offers hands‑on training in LU factorization and other linear algebra solvers?,DEK3033
"Is there a course that combines curve fitting, regression analysis, and error propagation techniques?",DEK3033
Which numerical methods class is good for building a career in scientific computing with C++?,DEK3033
best university class for learning numerical analysis and MATLAB,DEK3033
how to master root‑finding algorithms like Newton‑Raphson in a semester,DEK3033
career paths that need C++ or Python for scientific computing,DEK3033
where can I take a course on LU factorization and Gauss elimination for engineers,DEK3033
"online resources for curve fitting, regression analysis, and error propagation in Python",DEK3033
where can i learn root‑finding algorithms like Newton‑Raphson in a university class?,DEK3033
best undergrad class for MATLAB and Python numerical computing,DEK3033
what courses cover LU factorization and other numerical linear‑algebra solvers?,DEK3033
"looking for a class that teaches error analysis, integration, and curve‑fitting techniques",DEK3033
which degree programs prepare you for jobs that need C++/Python numerical methods skills,DEK3033
where can i find a class that covers numerical analysis and algorithm design with MATLAB or Maple,DEK3033
what university courses teach root‑finding methods such as bisection and Newton‑Raphson,DEK3033
looking for a class that includes LU factorization and Gauss elimination for linear systems,DEK3033
"is there a course that covers numerical integration, differentiation, and curve fitting in Python or C++",DEK3033
which programs teach error propagation analysis and regression techniques for scientific computing,DEK3033
how do I learn numerical integration and differentiation with MATLAB?,DEK3033
what’s a good university class for C++/Python numerical computing?,DEK3033
where can I study LU factorization and Gauss elimination techniques?,DEK3033
"which course covers curve fitting, regression analysis, and error propagation?",DEK3033
career paths that require solid skills in root‑finding algorithms and algorithm design,DEK3033
Where can I take a class on numerical analysis and algorithm design with MATLAB?,DEK3033
Looking for a course that teaches root‑finding methods like Newton‑Raphson and bisection.,DEK3033
Python or C++ course for solving linear systems and doing numerical integration.,DEK3033
"What class covers curve fitting, regression analysis, and error propagation for engineering?",DEK3033
Which university offers a numerical methods class useful for a data‑science career?,DEK3033
undergrad class on numerical methods that teaches MATLAB and Python coding,DEK3033
where can I learn root‑finding algorithms like Newton‑Raphson and LU factorization in a university course,DEK3033
"search for a numerical analysis class covering integration, differentiation, and curve fitting",DEK3033
career options after taking a numerical computing course with C++ and Python programming,DEK3033
looking for a semester course on error propagation and numerical algorithm design for engineers,DEK3033
Instructional technology and design in courseware development course overview,DEP3013
"online class that teaches ADDIE, VR, and serious games for education",DEP3013
where can I learn UI/UX prototyping with Figma for e‑learning projects,DEP3013
career paths after studying instructional design and multimedia learning,DEP3013
what courses cover Mayer’s cognitive theory of multimedia and educational software engineering,DEP3013
Instructional Technology and Design in Courseware Development class,DEP3013
"learn ADDIE, Dick and Carey, and ASSURE models in a university course",DEP3013
course on multimedia learning theory and UI design for e‑learning,DEP3013
where can I study AR/VR and serious games for education,DEP3013
career path for educational software engineering and instructional design,DEP3013
"best online class that teaches ADDIE, Dick and Carey, and other instructional design models",DEP3013
learn how to design e‑learning UI prototypes using Figma or Adobe XD,DEP3013
what are the job prospects for creating VR/AR and serious‑game courseware,DEP3013
how does Mayer’s cognitive theory of multimedia learning apply to course development,DEP3013
step‑by‑step guide to doing heuristic evaluation and cognitive walkthrough for educational software,DEP3013
where can i take a class on instructional design models like ADDIE and ASSURE?,DEP3013
"learn how to develop courseware for mobile, VR, and AR in a university course",DEP3013
what courses teach UI/UX prototyping with Figma and Adobe XD for education tech?,DEP3013
looking for a class that covers Mayer’s cognitive theory of multimedia learning and storyboard creation,DEP3013
career options for instructional technology and courseware development: which degree or certificate helps?,DEP3013
what are the key instructional design models like addie and assess?,DEP3013
where can I take a class to learn UI/UX prototyping for e‑learning with figma or adobe xd?,DEP3013
"how do I develop mobile, vr, and ar courseware using instructional design principles?",DEP3013
what courses teach heuristic evaluation and cognitive walkthrough for educational software?,DEP3013
best university programs for a career in serious‑games and instructional technology design,DEP3013
"where can i study ADDIE, Dick and Carey, and other instructional design models for e‑learning",DEP3013
online class that teaches UI/UX prototyping with Figma or Adobe XD for educational apps,DEP3013
"learn to create courseware using VR, AR, and serious games for classroom use",DEP3013
what are the best ways to do heuristic evaluation and cognitive walkthroughs on learning software,DEP3013
"career paths that combine learning theory, instructional tech, and courseware development",DEP3013
What classes cover ADDIE and other instructional design models?,DEP3013
"Looking for a course that teaches UI/UX prototyping for e‑learning (Figma, Adobe XD).",DEP3013
Where can I learn to build VR/AR serious games for education?,DEP3013
Course on learning theories and cognitive multimedia design for courseware.,DEP3013
"Jobs that combine instructional technology, software engineering, and game design.",DEP3013
"course on instructional design models like ADDIE, Dick and Carey, and ASSURE",DEP3013
"learn to develop mobile, VR, AR, and serious‑game courseware",DEP3013
class teaching UI/UX prototyping with Figma and Adobe XD for education,DEP3013
what are the key learning theories behind multimedia instruction,DEP3013
jobs and career advice for instructional technologists and courseware developers,DEP3013
intro to ADDIE and other instructional design models class,DEP3013
learn UI/UX prototyping for e‑learning with Figma and Adobe XD,DEP3013
course on multimedia learning theory and building VR/AR courseware,DEP3013
what skills do I need for a career in educational software engineering,DEP3013
hands‑on class for storyboarding and developing serious games for education,DEP3013
"course on ADDIE, Dick and Carey, and multimedia learning models",DEP3013
learn how to design courseware with Figma and Adobe XD for mobile and VR,DEP3013
"what are the best classes for instructional design, UI storyboarding, and serious games",DEP3013
career guide for becoming an instructional technologist or learning experience designer,DEP3013
"tutorials covering heuristic evaluation, cognitive walkthrough, and educational software engineering",DEP3013
models of instruction class near me,DEP3023
how to create curriculum and assess learning styles,DEP3023
what is instructional alignment and why it matters,DEP3023
best courses for learning blended and flipped classroom methods,DEP3023
career options after studying instructional design and LMS navigation,DEP3023
course on blended learning and flipped classroom techniques,DEP3023
class that covers instructional alignment and assessment design,DEP3023
where can I study curriculum development and learning style assessment,DEP3023
how to get a certificate in instructional strategy integration and cooperative learning,DEP3023
online program for mastering LMS navigation and formative/summative assessment,DEP3023
What classes cover instructional strategy integration and curriculum design?,DEP3023
"Looking for a course on blended learning, flipped classrooms, and LMS navigation.",DEP3023
How can I learn to assess learning styles and create effective assessments?,DEP3023
Which university courses teach cooperative learning methods and instructional alignment?,DEP3023
What majors or certifications help a career in instructional design and e‑learning?,DEP3023
course on instructional strategy integration and curriculum development,DEP3023
how to design blended learning and flipped classroom lessons,DEP3023
learn to create formative and summative assessments for teaching,DEP3023
class that teaches LMS navigation and cooperative learning methods,DEP3023
best program for mastering instructional alignment and learning style assessment,DEP3023
course on instructional strategy integration and curriculum development,DEP3023
how to design blended learning and flipped classroom projects in a class,DEP3023
what classes teach learning style assessment and LMS navigation,DEP3023
best university class for formative and summative assessment design,DEP3023
career options after taking a models of instruction or instructional design course,DEP3023
what's a good class to learn about blended learning and flipped classroom techniques?,DEP3023
how can I improve my skills in designing formative and summative assessments?,DEP3023
courses that cover instructional strategy integration and curriculum development analysis,DEP3023
looking for a class that teaches LMS navigation and instructional alignment basics,DEP3023
career‑focused course on cooperative learning methodologies and instructional design,DEP3023
what does a models of instruction class cover,DEP3023
how can I learn to design curriculum and assessments,DEP3023
best class for learning blended and flipped classroom strategies,DEP3023
where to study instructional alignment and cooperative learning methods,DEP3023
career options after taking a models of instruction course,DEP3023
course on instructional strategy integration and curriculum development,DEP3023
learn how to design blended learning and flipped classroom lessons,DEP3023
what classes teach learning style assessment and instructional alignment,DEP3023
best university courses for mastering LMS navigation and assessment design,DEP3023
career options after studying cooperative learning methodologies,DEP3023
what classes teach instructional strategy integration and curriculum development?,DEP3023
where can I find a course on blended learning and flipped classroom methods?,DEP3023
how do I learn to design formative and summative assessments for K‑12?,DEP3023
best programs for mastering LMS navigation and cooperative learning techniques?,DEP3023
career paths for someone skilled in instructional alignment and learning style assessment?,DEP3023
What’s a good class to learn instructional strategy integration and curriculum development?,DEP3023
Looking for a course on blended learning and flipped classroom techniques,DEP3023
Models of Instruction course syllabus and topics,DEP3023
How can I improve my LMS navigation skills with a university class?,DEP3023
Which courses teach formative and summative assessment design for future teachers?,DEP3023
where can I take a class that teaches both Android app development and software testing,DEP3063
what's a good university course on agile scrum and prototyping for beginners,DEP3063
"looking for a course that covers digital ethics, IPR, and multimedia authoring tools",DEP3063
which class teaches how to evaluate educational software and create technical documentation,DEP3063
career‑focused course that combines software quality assurance with Android development,DEP3063
courseware engineering university course syllabus,DEP3063
learn agile scrum and Android app development in one class,DEP3063
"what courses cover software testing, multimedia authoring, and IPR?",DEP3063
career options after taking a courseware engineering program,DEP3063
where can I study courseware engineering and get hands‑on Android app labs,DEP3063
what classes teach agile scrum and prototyping for educational software,DEP3063
"courses that cover the full software development life cycle, including waterfall",DEP3063
where can I learn software quality assurance with alpha and beta testing,DEP3063
"look for a class on multimedia authoring tools, IPR, and digital ethics",DEP3063
android app development combined with technical documentation and report writing,DEP3063
best course to learn agile scrum and prototype software projects,DEP3063
"where can I study software testing, QA, and technical documentation together",DEP3063
classes that cover educational software evaluation and digital ethics,DEP3063
learn Android app development with multimedia authoring tools in one class,DEP3063
career options for a courseware engineer focusing on IPR and app design,DEP3063
Where can I find a university class that covers agile scrum and prototyping for educational software?,DEP3063
What courses teach software quality assurance methods like alpha and beta testing?,DEP3063
Looking for a class that combines multimedia authoring tools with Android app development.,DEP3063
"Which program includes training on intellectual property rights, digital ethics, and technical documentation for software?",DEP3063
What career‑oriented courses teach the full software development life cycle—from waterfall to agile—in an education‑tech context?,DEP3063
University class that teaches agile Scrum and prototyping for software projects,DEP3063
"Where can I study software quality assurance, alpha and beta testing, in a campus course?",DEP3063
Course on Android app development and multimedia authoring tools for students,DEP3063
"Looking for a class covering IPR, digital ethics, and educational software evaluation",DEP3063
Technical documentation and report writing course for future software engineers,DEP3063
Where can I find a university class that teaches Agile Scrum and prototyping for software projects,DEP3063
Looking for a course that covers Android app development along with alpha and beta testing,DEP3063
What classes teach software quality assurance methods and the full software development life cycle,DEP3063
"Course that includes multimedia authoring tools, digital ethics, and intellectual property rights basics",DEP3063
Best program to learn technical documentation and evaluate educational software tools,DEP3063
where can i find a class that teaches agile scrum and prototyping for educational software,DEP3063
courses that cover software development life cycle with waterfall and QA testing,DEP3063
android app development class that also includes multimedia authoring tools,DEP3063
learn about intellectual property rights and digital ethics in tech programs,DEP3063
best university course for technical documentation and evaluating educational software,DEP3063
courseware engineering class near me,DEP3063
learn agile and waterfall software development course,DEP3063
android app development and IPR workshop for students,DEP3063
best college course for software testing and multimedia tools,DEP3063
career path for educational software evaluation and documentation,DEP3063
what courses cover agile scrum and prototyping for software projects,DEP3063
look for a class that teaches Android app development and software QA testing,DEP3063
find a university class on multimedia authoring tools and digital ethics,DEP3063
which program teaches software life cycle models and technical report writing,DEP3063
career options after studying educational software evaluation and IPR basics,DEP3063
how do I learn agile project management with Scrum and Kanban in a university class,DEQ3063
best undergraduate course for software development plan (SDP) and effort estimation techniques,DEQ3063
"where can I take a class that teaches Gantt charts, CPM, and PERT scheduling for software projects",DEQ3063
"looking for a course that covers risk mitigation, resource allocation, and feasibility analysis for tech projects",DEQ3063
which university class teaches Jira and Trello for real‑world software project tracking,DEQ3063
best university class on agile project management with Scrum and Kanban,DEQ3063
"software development plan course covering Gantt charts, CPM and PERT",DEQ3063
learn COCOMO I/II and function point cost estimation in a college course,DEQ3063
career‑oriented software project management class that teaches risk mitigation and resource allocation,DEQ3063
where to study Jira and Trello for software project tracking in a semester‑long course,DEQ3063
Where can I take a university class on agile (Scrum & Kanban) and Jira for software projects?,DEQ3063
"What course covers software development plans, cost estimation (COCOMO, function points) and risk mitigation?",DEQ3063
"Looking for a class that teaches Gantt charts, CPM, and PERT scheduling for software projects.",DEQ3063
"Which campus course combines resource allocation, time management, and feasibility analysis for tech projects?",DEQ3063
Best degree program course to prepare for a software project manager career?,DEQ3063
"Looking for a university class that teaches Scrum, Kanban, and how to use Jira for software projects",DEQ3063
What courses cover COCOMO cost estimation and function point analysis for software development?,DEQ3063
"Need a class on creating Gantt charts, CPM, and PERT schedules for software projects",DEQ3063
"Is there a course that combines risk management, resource allocation, and feasibility studies for tech projects?",DEQ3063
Which semester courses teach software project management skills for a future project manager role,DEQ3063
What classes teach agile project management with Scrum and Kanban?,DEQ3063
Looking for a university course on software development planning and Gantt charts,DEQ3063
Course that covers COCOMO cost estimation and function points for software projects,DEQ3063
Where can I learn risk management and resource allocation for software projects?,DEQ3063
Software project management class that uses Jira and Trello for tracking,DEQ3063
best university course for learning Scrum and Kanban for software projects,DEQ3063
how to write a software development plan and use Gantt charts in a class,DEQ3063
which class teaches COCOMO I/II cost estimation and function point analysis,DEQ3063
looking for a course that covers risk mitigation and Jira/Trello project tracking,DEQ3063
what software project management class can boost my career as a tech project manager,DEQ3063
software project management class with scrum and kanban,DEQ3063
where can I learn COCOMO cost estimation in a university course,DEQ3063
course that teaches Gantt chart and PERT scheduling for software projects,DEQ3063
how to get certified in agile project management for software development,DEQ3063
university class covering risk mitigation and feasibility analysis for software projects,DEQ3063
Software project management class covering Agile Scrum and Kanban,DEQ3063
Where can I learn software effort and cost estimation methods like COCOMO?,DEQ3063
Best university course for Gantt chart scheduling and PERT techniques,DEQ3063
How to get hands‑on experience with Jira and Trello in a project management course,DEQ3063
Career paths that need skills in software risk mitigation and feasibility analysis,DEQ3063
best class to learn Scrum and Kanban for software projects,DEQ3063
how to create a software development plan for a university project,DEQ3063
course covering COCOMO and function point cost estimation,DEQ3063
where can I learn risk mitigation and resource allocation in software projects,DEQ3063
project management class that teaches Jira and Trello for dev teams,DEQ3063
Where can I take a class on Agile project management with Scrum and Kanban?,DEQ3063
Looking for a university course that teaches software effort and cost estimation methods like COCOMO.,DEQ3063
"Which class covers Gantt charts, CPM, and PERT for scheduling software projects?",DEQ3063
Need a course that focuses on risk management and mitigation planning in software development.,DEQ3063
Best undergraduate class for learning Jira and Trello for software project tracking?,DEQ3063
intro to version control and software configuration class,DEQ3093
"best course to learn branching, merging, and CI/CD pipelines",DEQ3093
what is a change control board and where can I study it in school,DEQ3093
software auditing and verification training for devs,DEQ3093
career options for configuration management and needed coursework,DEQ3093
intro to software configuration management class,DEQ3093
"where can I learn Git, SVN, and release management on campus",DEQ3093
courses about branching and merging strategies for developers,DEQ3093
what classes cover CI/CD pipeline fundamentals and change control board,DEQ3093
career path for software configuration auditor and SCM specialist,DEQ3093
"university course on version control, Git and SVN basics",DEQ3093
class that covers software configuration identification and baseline management,DEQ3093
learn branching and merging strategies plus CI/CD pipelines in a college class,DEQ3093
which course teaches change control board protocols and software auditing,DEQ3093
career‑oriented class for release and deployment management and configuration status accounting,DEQ3093
software configuration management course with Git and SVN basics,DEQ3093
class that covers change control board procedures and release management,DEQ3093
"learn how to do branching, merging, and CI/CD pipelines in a university class",DEQ3093
what’s the best college course for software auditing and configuration status accounting,DEQ3093
search for a semester program teaching baseline management and deployment strategies,DEQ3093
where can I take a class on version control and branching strategies?,DEQ3093
what courses cover software configuration management and release management?,DEQ3093
learn how to set up CI/CD pipelines and change control boards in a university class,DEQ3093
"looking for a course on software auditing, verification, and baseline management",DEQ3093
career path for config management engineer – recommended university courses?,DEQ3093
software configuration management class covering Git and SVN,DEQ3093
learn branching and merging strategies in a university course,DEQ3093
what is a Change Control Board (CCB) and how to study it,DEQ3093
courses on CI/CD pipeline fundamentals and release management,DEQ3093
career options after studying software configuration and auditing​,DEQ3093
software configuration management class with git and svn,DEQ3093
where can I learn about change control board protocols in university,DEQ3093
best course for CI/CD pipeline fundamentals and release management,DEQ3093
what is configuration status accounting and which course teaches it,DEQ3093
career path for software configuration manager and related coursework,DEQ3093
software configuration management class campus,DEQ3093
learn git and svn together in a university course,DEQ3093
what does a change control board do in software projects,DEQ3093
career options for students skilled in CI/CD and release management,DEQ3093
branching and merging strategies lecture for computer science majors,DEQ3093
what is software configuration management and why does it matter for developers,DEQ3093
"where can I take a class that teaches git, svn, and branching strategies together",DEQ3093
how to learn release and deployment management in a college course,DEQ3093
best university course for mastering CI/CD pipelines and change‑control board processes,DEQ3093
"career‑oriented class that covers software auditing, verification, and configuration status accounting",DEQ3093
Where can I find a university class that teaches Git and SVN version control?,DEQ3093
Looking for a course that covers CI/CD pipeline basics and release management.,DEQ3093
What’s the best class to learn about change control board protocols and software auditing?,DEQ3093
"Need a class focused on branching, merging strategies, and baseline management for projects.",DEQ3093
Which course helps with configuration status accounting and prepares you for a DevOps role?,DEQ3093
software design course covering microservices and serverless,DES3043
learn how to prototype apps with Figma and Adobe XD in a class,DES3043
university class teaching RESTful API design and integration,DES3043
"mobile app design course that includes native, hybrid, and web apps",DES3043
what classes help prepare for a software architect role with OOP patterns and database design,DES3043
"software design course that covers microservices, serverless, and architecture principles",DES3043
how can I learn to prototype mobile apps with Figma and Adobe XD in a college class,DES3043
where to find a university class teaching RESTful API design and integration,DES3043
what class teaches object‑oriented design patterns and database schema design,DES3043
best course for building a full software design document and UI/UX navigation skills,DES3043
best university class to learn software architecture and microservices,DES3043
how can I take a course that teaches mobile app design with native and hybrid options,DES3043
looking for a class that covers RESTful API design and integration for beginners,DES3043
"where to study UI/UX design, interaction flow, and prototyping tools like Figma in school",DES3043
what course teaches object‑oriented design patterns and database schema design for a tech career,DES3043
"best class to learn software architecture, microservices, and serverless design",DES3043
"how can I learn mobile app design for native, hybrid, and mobile web apps",DES3043
where do I find a course that teaches RESTful API design and integration,DES3043
"what class covers object‑oriented design patterns, database schema design, and SDD authoring",DES3043
software design courses that help me build a portfolio with Figma or Adobe XD prototypes,DES3043
"software design course covering microservices, UI/UX and mobile app development",DES3043
where can I learn to create RESTful APIs and design database schemas in college,DES3043
"best class for learning software architecture, design patterns, and prototyping tools like Figma",DES3043
"what university classes teach mobile app design (native, hybrid, web) and software design documents",DES3043
career‑oriented software design course that includes serverless architecture and UI interaction design,DES3043
"software design course that teaches microservices, serverless, and UI/UX",DES3043
"looking for a class on mobile app design – native, hybrid, and mobile web",DES3043
where can I learn RESTful API design and integration in a university program,DES3043
best college course for object‑oriented design patterns and database schema design,DES3043
"search for a software architecture and prototyping tools (Figma, Adobe XD) class",DES3043
"Where can I take a class that covers software architecture, microservices, and serverless design?",DES3043
Looking for a course that teaches mobile app design—both native and hybrid—and prototyping with Figma.,DES3043
What university class teaches RESTful API design and integration?,DES3043
"Need a class focused on detailed UI/UX design, navigation, and interaction fundamentals.",DES3043
"Which course covers object‑oriented design, design patterns, and writing software design documents?",DES3043
where can i learn software architecture design like microservices and serverless in a class,DES3043
"best university course for mobile app design – native, hybrid, and mobile web",DES3043
how do i write a solid software design document (SDD) for my projects,DES3043
courses that teach UI/UX prototyping with figma or adobe xd,DES3043
class that covers RESTful API design and database schema design together,DES3043
What classes cover software architecture design like microservices and serverless?,DES3043
"Looking for a university course that teaches mobile app design (native, hybrid, and mobile web)",DES3043
Where can I learn to write software design documents and prototype with Figma or Adobe XD?,DES3043
Best course for learning RESTful API design and integration for beginners,DES3043
"Which program prepares me for a career in software design, UI/UX, and object‑oriented patterns?",DES3043
Where can I learn software architecture design like microservices and serverless?,DES3043
"Best class for designing mobile apps (native, hybrid, web) on campus",DES3043
How to write a software design document and use Figma or Adobe XD,DES3043
Courses that teach RESTful API design and database schema modeling,DES3043
What classes help me master UI/UX design patterns for a career in product design,DES3043
where can I find a university class on software requirements elicitation and UML modeling,DES3023
looking for a course that teaches SRS documentation and Jira/Confluence usage,DES3023
"what courses cover requirements validation, verification, and conflict resolution",DES3023
need a class that focuses on change management and version control for software requirements,DES3023
which majors or courses help me become a requirements analyst or specification specialist,DES3023
"where can I find a class that teaches requirements elicitation, surveys, and prototyping",DES3023
best university course for learning UML use case and sequence diagrams for software specs,DES3023
what course covers software requirements specification documentation and validation techniques,DES3023
"looking for a class that teaches requirements negotiation, conflict resolution, and change management with version control",DES3023
"career‑focused course that includes Jira, Confluence, and Enterprise Architect for requirements management",DES3023
software requirements and specifications class with UML modeling,DES3023
how to write a professional SRS document in a university course,DES3023
best course to learn requirements elicitation techniques like interviews and surveys,DES3023
learning Jira and Confluence for requirements management – class recommendations,DES3023
career guide for becoming a requirements analyst and learning negotiation skills,DES3023
intro to requirements elicitation and interviewing class,DES3023
learn how to create UML use case and sequence diagrams online course,DES3023
software requirements specification (SRS) writing workshop for students,DES3023
best university course for requirements negotiation and conflict resolution,DES3023
where can I study Jira and Confluence for managing software requirements,DES3023
best classes for learning software requirements elicitation and interviews,DES3023
where can I study UML use case and sequence diagram modeling in university,DES3023
course that teaches SRS documentation and requirements validation techniques,DES3023
"look for a class on requirements negotiation, conflict resolution and change management",DES3023
"university course covering Jira, Confluence and Enterprise Architect for requirements management",DES3023
where can i find a class that teaches software requirements specification writing,DES3023
"how do I learn requirements elicitation techniques like interviews, surveys, and prototyping",DES3023
"UML modeling courses covering use case, sequence, and activity diagrams",DES3023
"career paths that need expertise in requirements validation, verification, and negotiation",DES3023
best tutorials for using Jira and Confluence to manage software requirements,DES3023
where can I take a class on software requirements elicitation and UML modeling,DES3023
learn how to write an SRS document and use Jira for requirements management,DES3023
courses that teach requirements negotiation and conflict resolution for aspiring analysts,DES3023
best university class for change management and version control of software requirements,DES3023
what are the career paths after studying software requirements and specifications,DES3023
"any class that teaches requirements elicitation through interviews, surveys, or prototyping?",DES3023
"looking for a course that covers UML use case, sequence, and activity diagram modeling",DES3023
where can I learn to write a software requirements specification (SRS) and handle change management with version control?,DES3023
which university class includes hands‑on Jira and Confluence for requirements management?,DES3023
"career‑focused class on requirements validation, verification, and negotiation techniques for aspiring analysts",DES3023
best class to learn requirements elicitation techniques like interviews and surveys,DES3023
where can I study UML use case and sequence diagram modeling for software projects,DES3023
how to write an SRS document and validate software requirements,DES3023
"jobs that need skills in requirements negotiation, change management, and version control",DES3023
free tutorials for using Jira and Confluence for requirements management in university,DES3023
"where can I find a university class on requirements elicitation, interviews, and surveys?",DES3023
looking for a course that teaches UML use case and sequence diagram modeling,DES3023
what classes teach software requirements specification (SRS) docs with Jira and Confluence,DES3023
"need a class on requirements validation, negotiation, and conflict resolution for a future analyst role",DES3023
searching for a course on change management and version control for software requirements using Enterprise Architect or StarUML,DES3023
software engineering fundamentals class with SDLC and agile,DES3013
best university course to learn UML diagrams and requirements engineering,DES3013
where can I take a class on software testing strategies and TDD,DES3013
career‑focused software design patterns and architecture course options,DES3013
online or campus course covering software development life cycle and maintenance,DES3013
what is a good intro to the software development life cycle and agile vs waterfall,DES3013
best college class to learn UML diagrams and design patterns for building apps,DES3013
where can I take a course that teaches test‑driven development and unit testing,DES3013
how do I learn requirements engineering and software specs for a future analyst job,DES3013
"software engineering class that covers maintenance, evolution, and testing strategies",DES3013
What’s the best class to learn Agile and Waterfall software development methods?,DES3013
Looking for a course that teaches UML diagrams and software design patterns.,DES3013
Where can I study test‑driven development and software testing strategies?,DES3013
Need a class on requirements engineering and the software development life cycle.,DES3013
Which software engineering course covers maintenance and evolution of apps for a career in DevOps?,DES3013
software engineering fundamentals class at my university,DES3013
where can I learn UML diagrams and agile methodology in a course,DES3013
"what courses cover SDLC, TDD, and software testing strategies",DES3013
best class for learning software architecture design patterns for beginners,DES3013
which course helps prepare for a software engineer role with requirements engineering,DES3013
what are the main steps in the software development life cycle?,DES3013
best university class to learn agile and waterfall methods,DES3013
how can I get hands‑on practice with UML diagrams in a course,DES3013
software engineering class that teaches test‑driven development and unit testing,DES3013
career path for software engineers who want to specialize in architecture and maintenance,DES3013
what is software development life cycle and which class covers it,DES3013
best college course for learning UML diagrams and agile methodology,DES3013
where can I take a class that teaches software testing strategies and TDD,DES3013
how do I learn architectural design patterns and requirements engineering in school,DES3013
what career options open up after completing a principles of software engineering class,DES3013
"what's a good class to learn SDLC, agile and waterfall methods?",DES3013
looking for a university course that teaches UML diagrams and requirements engineering,DES3013
best course for learning software design patterns and architecture basics,DES3013
where can I study test‑driven development and software testing strategies on campus?,DES3013
which software engineering class helps with career skills like maintenance and evolution?,DES3013
best class to learn Agile vs Waterfall software development,DES3013
where can I study UML diagramming and requirements engineering,DES3013
software engineering course that teaches test‑driven development and unit testing,DES3013
what classes cover software architecture design patterns for beginners,DES3013
career path for software testing and maintenance – need a university course,DES3013
what classes cover software development life cycle and agile methods at our university,DES3013
looking for a course that teaches UML diagrams and requirements engineering basics,DES3013
best software engineering class for learning test‑driven development and unit testing,DES3013
which class teaches architectural design patterns and software evolution for aspiring developers,DES3013
"find a course that combines waterfall, agile, and software testing strategies for a tech career",DES3013
look for a software engineering class that teaches SDLC and Agile methods,DES3013
university course on UML diagrams and architectural design patterns,DES3013
learn test‑driven development and software testing strategies in a class,DES3013
which courses cover requirements engineering and software maintenance for a future dev,DES3013
what is taught in a principles of software engineering course,DES3013
software engineering project class with Laravel full‑stack development,DES3073
"course on defensive programming, error handling and exception management",DES3073
learn agile project management with WBS and Gantt charts for university projects,DES3073
ui/ux design and prototyping plus database/API integration workshop,DES3073
software quality metrics and regression testing course for software migration and deployment,DES3073
full‑stack web development course using Laravel MVC framework,DES3073
class that teaches defensive programming and error/exception handling,DES3073
learn agile project management with WBS and Gantt chart tracking in school,DES3073
"software engineering class covering UI/UX prototyping, API integration, and database design",DES3073
"university course on software migration, deployment strategies, and regression testing",DES3073
how to find a university class that teaches full‑stack Laravel web development and MVC,DES3073
search for a software engineering project course that covers defensive programming and error handling,DES3073
looking for a class that combines UI/UX prototyping with database and API integration design,DES3073
which campus course teaches agile project management tools like WBS and Gantt charts plus regression testing,DES3073
"best software engineering capstone that includes migration, deployment strategies, and technical documentation guidance",DES3073
full stack web development course using Laravel and MVC framework,DES3073
"class that teaches defensive programming, error and exception handling",DES3073
how to design and integrate databases with APIs in a software project,DES3073
college course on agile project management with WBS and Gantt chart tracking,DES3073
software engineering class covering UI/UX prototyping and regression testing,DES3073
where can I take a class that teaches full‑stack Laravel development and UI/UX prototyping?,DES3073
looking for a project‑based software engineering course that covers agile Gantt charts and regression testing,DES3073
learn defensive programming and error handling in a university course,DES3073
"software engineering class that teaches API integration, database design, and deployment strategies",DES3073
what class helps me build a portfolio with technical documentation and software quality metrics for a dev job,DES3073
full‑stack web development class that uses Laravel and MVC framework,DES3073
where can I learn defensive programming with error and exception handling in a course,DES3073
"software engineering project course that covers agile project management, WBS and Gantt charts",DES3073
"class that teaches UI/UX prototyping, API integration design, and database design",DES3073
"best university class for software migration, deployment strategies, and technical documentation",DES3073
full-stack web development class with Laravel and MVC framework,DES3073
course on defensive programming and error/exception handling,DES3073
"learn how to design databases, APIs, and integrate them in a project",DES3073
"software engineering project class covering agile WBS, Gantt charts, and testing",DES3073
"class that teaches UI/UX prototyping, quality metrics, and deployment strategies",DES3073
best university class for full‑stack web development using Laravel MVC,DES3073
where can I take a course that teaches defensive programming and error handling,DES3073
software engineering project course that covers UI/UX prototyping and API integration,DES3073
agile project management class with hands‑on WBS and Gantt chart practice,DES3073
"how to get practical experience in software testing, migration, and technical documentation in a college course",DES3073
full‑stack web development with Laravel class,DES3073
best course for defensive programming and error handling,DES3073
learn UI/UX prototyping and API integration in a project lab,DES3073
agile project management and software quality metrics workshop,DES3073
"software migration, deployment and technical documentation course",DES3073
full‑stack web development class using Laravel MVC framework,DES3073
course that covers defensive programming and error/exception handling,DES3073
learn agile project management with WBS and Gantt chart tracking in a class,DES3073
university class teaching UI/UX prototyping plus database and API integration,DES3073
"software engineering course that includes quality metrics, regression testing, and deployment strategies",DES3073
where can I find a campus course on software testing and quality assurance,DES3053
best university class that teaches Selenium and API testing (REST/SOAP),DES3053
looking for a class covering black‑box and white‑box testing techniques like equivalence partitioning and data flow analysis,DES3053
"which course includes regression testing, test prioritization, and user acceptance testing for a QA career",DES3053
need a practical course on automated test case design and tools such as Postman and Selenium,DES3053
best class for learning software quality assurance and testing,DES3053
what is black-box testing and where can I take a course,DES3053
look for a university course covering Selenium and API testing,DES3053
how to get certification in software testing for QA jobs,DES3053
courses that teach regression testing and test case design for beginners,DES3053
What classes cover software quality assurance and black‑box testing techniques?,DES3053
Looking for a course that teaches Selenium and API testing with Postman.,DES3053
"Where can I learn how to design test cases, regression testing, and test prioritization?",DES3053
Which university courses teach both white‑box control flow analysis and user acceptance testing?,DES3053
What skills do I need for a QA engineering career and where can I study them?,DES3053
software testing and quality class on campus,DES3053
what courses teach black‑box and white‑box testing techniques,DES3053
how can I learn Selenium and Postman for automated testing in a university class,DES3053
"best university course for learning API testing, regression testing, and UAT",DES3053
career‑oriented QA program that covers test case design and test prioritization,DES3053
software testing and quality class on campus,DES3053
learn Selenium and Postman for automated testing in a university course,DES3053
what is covered in a software quality assurance (SQA) class,DES3053
best undergraduate course for black‑box and white‑box testing skills,DES3053
career paths after completing a software testing and quality program,DES3053
best class for learning software testing and quality assurance,DES3053
how to get hands‑on experience with Selenium and API testing in university,DES3053
what courses cover black‑box and white‑box testing techniques,DES3053
software testing course for a QA career path,DES3053
learn to design test cases and do regression testing in a semester,DES3053
best college class for software quality assurance and testing,DES3053
how to learn black‑box and white‑box testing techniques in a course,DES3053
where can I take a class on automated testing tools like Selenium and Postman,DES3053
what university course covers API testing (REST/SOAP) and regression testing,DES3053
which majors or careers benefit most from a software testing and quality class,DES3053
software testing and quality course with hands‑on labs,DES3053
what classes teach black‑box and white‑box testing techniques,DES3053
"learn API testing using REST, SOAP, Selenium, and Postman at university",DES3053
best degree options for a career in software quality assurance,DES3053
"where can I study regression testing, UAT, and test case design online",DES3053
software testing and quality course syllabus overview,DES3053
best class to learn Selenium and API testing basics,DES3053
what are the career prospects for a software quality assurance graduate,DES3053
how to master black‑box and white‑box testing techniques in a university course,DES3053
looking for a university class that covers regression testing and test case design,DES3053
software testing and quality class near me,DES3053
learn black‑box and white‑box testing in university,DES3053
courses that teach Selenium and API testing,DES3053
what are good majors for QA and test automation careers,DES3053
where can I study user acceptance and regression testing,DES3053
college class that covers software life cycle management and agile methods,DES3083
looking for a course on software process improvement and measurement techniques,DES3083
"where can I learn Scrum, Kanban, and DevOps together in one class?",DES3083
"what university courses teach waterfall, spiral, and RUP models?",DES3083
best class to prepare for a career as a software process analyst,DES3083
software process and agile methodologies class near me,DES3083
"best college course to learn SDLC, Waterfall, and DevOps",DES3083
where can I study software process improvement and measurement,DES3083
career options after taking a software engineering process course,DES3083
"look for a class that covers Scrum, Kanban, and change management",DES3083
software engineering process course with agile and waterfall methods,DES3083
learn software life cycle management and process improvement class,DES3083
best university class for software process assessment and measurement,DES3083
how to study software process intelligence and data mining for a career,DES3083
online course covering change management and team collaboration in software development,DES3083
software engineering process course syllabus and topics,DES3083
"best university class that covers agile, waterfall, and devops together",DES3083
where can I take a class on software process improvement and measurement,DES3083
looking for a software life cycle management and team collaboration course,DES3083
career options after studying software engineering process and SPI,DES3083
"best class to learn agile, scrum, kanban, and waterfall methods together",DES3083
how can I improve software development processes and measure their performance?,DES3083
looking for a university course on software life‑cycle management and change management,DES3083
learn practical skills for software process improvement and team collaboration,DES3083
what majors or careers benefit from studying software process assessment and data mining?,DES3083
what is a software engineering process class that covers SDLC and agile?,DES3083
looking for a university course on software process improvement and measurement,DES3083
"best class to learn Scrum, Kanban, and waterfall models together",DES3083
career boost: software engineering process course for project management roles,DES3083
where can I study software life cycle management and change management in college,DES3083
what is software life cycle management and how does it differ from SPLC,DES3083
"best online class to learn Scrum, XP, Kanban, and DevOps together",DES3083
how can I get hands‑on practice with software process improvement and measurement,DES3083
career paths that require expertise in software process assessment and change management,DES3083
"where to find a university course covering waterfall, spiral, RUP, and process intelligence data mining",DES3083
"software engineering process class covering SDLC, agile, and waterfall",DES3083
"college course that teaches Scrum, Kanban, XP, and DevOps together",DES3083
what classes teach software process improvement and measurement techniques,DES3083
"where can I study software process assessment, data mining, and change management",DES3083
"career‑focused course on software lifecycle management and team collaborationsoftware engineering process class covering SDLC, agile, and waterfall",DES3083
"college course that teaches Scrum, Kanban, XP, and DevOps together",DES3083
what classes teach software process improvement and measurement techniques,DES3083
"where can I study software process assessment, data mining, and change management",DES3083
career‑focused course on software lifecycle management and team collaboration,DES3083
"software engineering process class that covers SDLC, agile, and waterfall models",DES3083
where can I find a university course on software process improvement and measurement,DES3083
"looking for a course teaching Scrum, Kanban, XP, and DevOps for project teams",DES3083
"what class teaches software process assessment, data mining, and change management",DES3083
career‑oriented software engineering course focused on team collaboration and process intelligence,DES3083
"software engineering process class covering agile, waterfall, and DevOps",DES3083
learn software life cycle management and process improvement in a university course,DES3083
what’s the best course to study software process assessment and measurement,DES3083
where can I take a class on software process intelligence and data mining,DES3083
career options for software process engineers and which courses help qualify them,DES3083
software validation and verification course syllabus,DES3103
how to learn software verification & validation strategies in college,DES3103
what university classes cover software quality assurance and IEEE V&V docs,DES3103
"career paths after studying software testing, risk analysis, and defect tracking",DES3103
best courses for automated vs manual testing and HCI heuristics in undergrad,DES3103
best classes for learning software verification and validation,DES3103
how to integrate software quality assurance with IEEE V&V documentation,DES3103
what are the top testing methods for HCI and risk analysis in software safety,DES3103
career paths for roles focusing on software failure analysis and defect tracking,DES3103
manual vs automated testing strategies course recommendations,DES3103
software validation and verification class campus,DES3103
"course on software testing, QA integration, and V&V strategies",DES3103
learn how to do hazard and risk analysis for software safety,DES3103
what are the IEEE standards for verification and validation documentation,DES3103
career options for a software verification and validation specialist,DES3103
What courses teach software verification and validation strategies?,DES3103
Where can I find a class on software quality assurance and IEEE V&V documentation?,DES3103
Looking for a university course that covers HCI testing and heuristics.,DES3103
Which class helps me learn hazard and risk analysis for software safety?,DES3103
Best courses for learning automated vs. manual testing and defect tracking?,DES3103
software verification and validation course syllabus,DES3103
learn how to do software testing and quality assurance in college,DES3103
what are IEEE standards for V&V documentation and where can I study them,DES3103
university class on hazard analysis and risk assessment for software safety,DES3103
career options after taking a software validation and verification class,DES3103
software validation and verification course near me,DES3103
what does a software V&V class cover?,DES3103
"learn software testing, QA, and risk analysis in a university class",DES3103
best university class for software quality assurance and defect tracking,DES3103
career path for software verification and safety – which college courses help?,DES3103
software verification and validation course near me,DES3103
where can I learn software quality assurance integration in a class,DES3103
what university class teaches hazard and risk analysis for software safety,DES3103
hands‑on training for automated vs manual testing strategies,DES3103
career‑focused software testing and defect tracking courses,DES3103
college class that teaches software verification and validation techniques,DES3103
course on software quality assurance integration and IEEE V&V documentation,DES3103
looking for a class covering HCI testing heuristics and risk analysis for safety‑critical software,DES3103
what electives teach automated vs manual testing strategies and defect tracking,DES3103
"career path for software testers – need a course on CMM, TMMi and software failure analysis",DES3103
any classes that teach software verification and validation strategies,DES3103
looking for a course on software quality assurance integration and testing,DES3103
where can I learn IEEE standard documentation for V&V,DES3103
need a class that covers human‑computer interface testing and heuristics,DES3103
courses on hazard and risk analysis for software safety and defect tracking,DES3103
software verification and validation course near me,DES3103
best university class for software quality assurance and testing,DES3103
learn how to do hazard and risk analysis for software safety,DES3103
what courses cover IEEE V&V documentation and defect tracking?,DES3103
career options after studying software testing and validationsoftware verification and validation course near me,DES3103
best university class for software quality assurance and testing,DES3103
learn how to do hazard and risk analysis for software safety,DES3103
what courses cover IEEE V&V documentation and defect tracking?,DES3103
career options after studying software testing and validation,DES3103
best college class to learn Flutter and Dart for cross‑platform mobile apps,DES3113
where can I study mobile UI/UX design using declarative and component‑based approaches,DES3113
how to learn state management and widget lifecycle in Flutter for beginners,DES3113
courses that teach CRUD operations with Firebase Firestore or SQLite for mobile development,DES3113
which university courses cover app deployment to Google Play Store and Apple App Store,DES3113
best university class to learn Flutter and Dart for cross‑platform mobile apps,DES3113
where can I take a course that covers UI/UX architecture and declarative design for mobile,DES3113
learn how to build CRUD apps with Firebase Firestore or SQLite in a hands‑on class,DES3113
"course that teaches mobile navigation, notifications, and publishing apps to Google Play and the App Store",DES3113
what degree program prepares me for a career as a mobile app developer using Flutter and state management techniques,DES3113
Where can I learn Flutter and Dart for cross‑platform mobile development?,DES3113
What class covers UI/UX architecture with declarative and component‑based design?,DES3113
Is there a university course that teaches CRUD operations using Firebase Firestore or SQLite?,DES3113
"Looking for a course that covers mobile navigation, notifications, and app deployment to Google Play and the App Store.",DES3113
Which class helps me master state management and widget lifecycle in Flutter?,DES3113
"Which university course teaches Flutter, Dart and cross‑platform mobile development?",DES3113
Looking for a class that covers UI/UX architecture and component‑based design for mobile apps.,DES3113
"What is the best way to learn state management, widget lifecycle, and CRUD with Firebase in a semester?",DES3113
How can I take a course that includes building and publishing apps to Google Play and the Apple App Store?,DES3113
"Career‑oriented mobile development classes: navigation, notifications, and deployment skills.",DES3113
any classes teaching Flutter and Dart for building cross‑platform mobile apps?,DES3113
"where can I learn mobile UI/UX design with declarative, component‑based widgets?",DES3113
looking for a university course that covers CRUD with Firebase Firestore or SQLite in apps,DES3113
"need a class that teaches push notifications, local alerts, and deploying to Google Play and the App Store",DES3113
what courses cover state management and widget lifecycle in Flutter development?,DES3113
best college class to learn Flutter and Dart cross‑platform development,DES3113
where can I take a course on mobile UI/UX architecture and declarative design,DES3113
learn how to build mobile apps with Firebase Firestore CRUD and state management,DES3113
"what university offers training in mobile navigation, notifications, and app store deployment",DES3113
career roadmap for becoming a mobile app developer with Flutter skills,DES3113
Which class teaches Flutter and Dart for building cross‑platform mobile apps?,DES3113
Where can I learn UI/UX architecture with declarative UI and component design for mobile?,DES3113
Looking for a course on Firebase Firestore CRUD and SQLite in mobile development.,DES3113
How do I master state management and widget lifecycle in Flutter for a university class?,DES3113
College courses that cover publishing Android and iOS apps to Google Play and Apple App Store.,DES3113
best university course to learn Flutter and Dart for cross‑platform apps,DES3113
where can I study mobile UI/UX architecture with declarative design,DES3113
how to get a class that teaches Firebase Firestore CRUD in mobile apps,DES3113
"courses that cover widget lifecycle, state management, and navigation in Flutter",DES3113
looking for a program that prepares me for deploying apps to Google Play and the App Store,DES3113
look for a university class that teaches Flutter and Dart for cross‑platform apps,DES3113
what courses cover mobile UI/UX design with declarative UI and component‑based architecture,DES3113
where can I learn state management and widget lifecycle for Flutter apps,DES3113
best college class for building mobile apps with Firebase Firestore and push notifications,DES3113
career‑focused mobile app development course that includes Google Play and Apple Store deployment,DES3113
any class that teaches Flutter and Dart for building mobile apps,DES3113
where can I learn cross‑platform mobile development with Firebase backend at university,DES3113
courses on mobile UI/UX design using declarative and component‑based architecture,DES3113
"looking for a class that covers state management, navigation, and push notifications in Flutter",DES3113
best university course for learning how to publish iOS and Android apps to the app stores,DES3113
undergrad class on computer networks and LAN/WAN design,DTN3023
where can I learn Cisco Packet Tracer in a university course,DTN3023
what subjects cover TCP/IP suite and OSI model for students,DTN3023
"course that teaches network security, Wireshark, and router configuration",DTN3023
jobs after taking a computer networking class in university,DTN3023
computer networks class covering Cisco Packet Tracer and Wireshark,DTN3023
"learn how to configure routers, wireless networks, and LAN/WAN design",DTN3023
what courses teach TCP/IP suite management and OSI model analysis?,DTN3023
looking for a university course on network administration and troubleshooting,DTN3023
best class for getting into network security and packet analysis careers,DTN3023
intro to network administration and troubleshooting class near me,DTN3023
learn Cisco Packet Tracer and Wireshark in a university course,DTN3023
what courses cover TCP/IP and OSI model for beginners,DTN3023
career paths for network engineers and related university classes,DTN3023
hands‑on lab for LAN/WAN design and router configuration course,DTN3023
intro to computer networks class near me,DTN3023
learn Cisco Packet Tracer for network simulation,DTN3023
what skills do I need for network admin and troubleshooting jobs,DTN3023
best university course for TCP/IP and OSI model basics,DTN3023
hands‑on lab for Wireshark packet analysis and LAN/WAN design,DTN3023
best university class for network administration and troubleshooting,DTN3023
how to learn Cisco Packet Tracer and Wireshark in one semester,DTN3023
where can I study TCP/IP protocol suite and OSI model basics,DTN3023
"college course that covers LAN/WAN design, router setup, and security",DTN3023
what courses should I take to become a network engineer?,DTN3023
intro to network administration and troubleshooting class,DTN3023
learn Cisco Packet Tracer for a university course,DTN3023
what courses cover TCP/IP and the OSI model basics,DTN3023
best class for configuring routers and wireless networks,DTN3023
network security and Wireshark training for an IT career,DTN3023
best college class for learning Cisco Packet Tracer and network simulation,DTN3023
"what course covers TCP/IP, OSI model, and hands‑on router configuration",DTN3023
looking for a practical network security and troubleshooting class for undergrads,DTN3023
where can I study LAN/WAN design and implementation with Wireshark labs,DTN3023
courses that prepare you for a career as a network administrator or engineer,DTN3023
how do I learn Cisco Packet Tracer and network troubleshooting in a university class?,DTN3023
"where can I find a course that covers TCP/IP, OSI model, and Wireshark packet analysis?",DTN3023
"looking for a class on LAN/WAN design, router setup, and wireless network configuration",DTN3023
what college courses teach network security and maintenance for a future network admin career?,DTN3023
best university class to learn practical network administration and packet analysis skills,DTN3023
how to take a class on network administration and troubleshooting,DTN3023
best university course for learning Cisco Packet Tracer and router configuration,DTN3023
what courses teach TCP/IP protocol suite and OSI model analysis,DTN3023
looking for a hands‑on network security and Wireshark training class,DTN3023
where can I study LAN/WAN design and implementation for a tech career,DTN3023
Where can I take a class on Cisco Packet Tracer and network troubleshooting?,DTN3023
What courses teach OSI model and TCP/IP protocol management?,DTN3023
Looking for a university course that covers LAN/WAN design and Wireshark analysis.,DTN3023
Help me find a class to learn router and wireless network configuration for a networking career.,DTN3023
Which program offers hands‑on training in network security and maintenance?,DTN3023
intro to operating systems class covering processes and threads,DTN3043
where can I learn Linux command line and Windows PowerShell in one course,DTN3043
best university course for memory management paging and segmentation,DTN3043
looking for a class that teaches RAID and storage management basics,DTN3043
career path for system security and deadlock prevention – which OS course helps,DTN3043
What courses cover process and thread management and memory paging?,DTN3043
Looking for a class to learn Linux Bash and Windows PowerShell administration.,DTN3043
Best university class for RAID storage and file system admin.,DTN3043
How can I study deadlock prevention and system security in a semester?,DTN3043
Operating systems class that teaches access matrix protection and segmentation.,DTN3043
intro to operating systems class with Linux/Unix command line basics,DTN3043
"where can I study memory paging, segmentation, and process management in one course",DTN3043
"best university course that covers system security, access matrix, and deadlock prevention",DTN3043
learn Windows PowerShell and file system administration together in a class,DTN3043
"career‑focused OS course that teaches RAID storage, thread management, and Linux administration",DTN3043
where can I find a university class that teaches process and thread management,DTN3043
best course to learn Linux/Unix command line (Bash) and Windows PowerShell together,DTN3043
"looking for a class that covers RAID structure, storage management, and file systems",DTN3043
"what school offers a class on deadlock prevention, system security, and access matrices",DTN3043
which operating systems course helps prepare for a sysadmin career and includes memory paging and segmentationwhere can I find a university class that teaches process and thread management,DTN3043
best course to learn Linux/Unix command line (Bash) and Windows PowerShell together,DTN3043
"looking for a class that covers RAID structure, storage management, and file systems",DTN3043
"what school offers a class on deadlock prevention, system security, and access matrices",DTN3043
which operating systems course helps prepare for a sysadmin career and includes memory paging and segmentation,DTN3043
what does a university class on operating systems cover,DTN3043
learn Linux command line and Windows PowerShell in one course,DTN3043
best class for understanding memory paging and segmentation,DTN3043
how to get a job as a system administrator after studying OS concepts,DTN3043
where can I study file system admin and RAID storage management on campus,DTN3043
intro to operating systems class with Linux and Windows labs,DTN3043
learn thread management and deadlock avoidance course,DTN3043
best OS course for system security and file system administration,DTN3043
where can I study paging and segmentation in university,DTN3043
operating systems class that helps with a sysadmin career,DTN3043
intro to operating systems class with hands‑on Linux and PowerShell labs,DTN3043
where can I find a university course that covers process scheduling and thread management,DTN3043
"looking for a class that teaches memory paging, segmentation, and file system admin",DTN3043
best OS course for learning RAID storage setups and system security concepts,DTN3043
"searching for a semester‑long class on deadlock prevention, avoidance, and OS fundamentals",DTN3043
how do I learn process and thread management in a university class,DTN3043
best college course for memory paging and segmentation basics,DTN3043
where can I take a class that covers Linux Bash and Windows PowerShell admin,DTN3043
what electives teach RAID storage and file system administration hands‑on,DTN3043
which operating systems class helps me prepare for a system security career,DTN3043
look for a class on Linux command line and Windows PowerShell basics,DTN3043
what courses cover memory management paging and segmentation?,DTN3043
need a university course on file systems and RAID storage,DTN3043
best OS course for learning process and thread management for a system admin career,DTN3043
where can I study operating system security and deadlock avoidance in college,DTN3043
best college class to learn Linux Bash and Windows PowerShell basics,DTN3043
what courses teach deadlock prevention and avoidance in operating systems,DTN3043
"looking for a class that covers memory paging, segmentation, and file system admin",DTN3043
how can I study RAID structures and storage management at university,DTN3043
career paths after taking an operating systems course with security and protection focus,DTN3043
Where can I learn C++ basics and structured programming logic for beginners?,DTS3013
What courses cover pointers and memory management in C++?,DTS3013
"Looking for a class that teaches debugging, file I/O, and data structures in C++.",DTS3013
How to get hands‑on experience with VS Code or CLion while learning algorithms?,DTS3013
Which university course helps me build a programming portfolio for a junior developer role?,DTS3013
intro to structured programming with C++ and pointers,DTS3013
"best course to learn C++ debugging, error handling, and file I/O",DTS3013
where can I study algorithm development and data structures in VS Code,DTS3013
how to improve my C++ programming logic for a software engineering career,DTS3013
"looking for a beginner class that covers arrays, structs, and memory management in C++",DTS3013
intro to structured programming with C++ class near me,DTS3013
how do I learn debugging and error handling in C++,DTS3013
"best course for C++ pointers, memory management, and file I/O",DTS3013
learn algorithm development and data structures (arrays & structs) online,DTS3013
which programming courses help with a career in software development using VS Code or CLion,DTS3013
intro to C++ structured programming class near campus,DTS3013
where can I learn algorithm development and debugging in C++,DTS3013
"best course for mastering pointers, memory management, and file I/O",DTS3013
"looking for a class that covers arrays, structs, and basic data structures in C++",DTS3013
career‑focused course to boost C++ programming and IDE (VS Code/CLion) skills,DTS3013
Looking for a university class that teaches C++ and structured programming basics,DTS3013
"Which course covers pointers, memory management, and debugging in C++?",DTS3013
Need a course on algorithm development and data structures with hands‑on labs,DTS3013
What classes can help me build a portfolio for a junior software developer role?,DTS3013
Where can I learn file I/O and Visual Studio Code/CLion usage in a college course,DTS3013
how do I learn C++ structured programming basics for beginners,DTS3013
best way to practice debugging and error handling in C++ projects,DTS3013
what are common data structures like arrays and structs in C++ and how to use them,DTS3013
tutorial for setting up Visual Studio Code or CLion for C++ development,DTS3013
career paths that require strong algorithm development and memory management skills in C++,DTS3013
where can i find a beginner-friendly C++ structured programming class,DTS3013
how do I practice debugging and error handling in C++ projects,DTS3013
"best online course for learning pointers, memory management, and file I/O in C++",DTS3013
"what data structures (arrays, structs) should I master for entry‑level dev jobs",DTS3013
tutorials for using VS Code or CLion to develop C++ applications,DTS3013
where can I take a class that teaches C++ structured programming basics?,DTS3013
"best course for learning pointers, memory management, and debugging in C++",DTS3013
how do I get hands‑on experience with file I/O and structs using VS Code or CLion?,DTS3013
what university class covers algorithm development and data structures in C++?,DTS3013
which programming course will help me land a job writing efficient C++ code?,DTS3013
what’s the best intro class for C++ programming and algorithm basics,DTS3013
how do I learn structured programming logic with pointers and arrays,DTS3013
quick guide to debugging and error handling in C++ using VS Code,DTS3013
where can I find a beginner course on file I/O and data structures in C++,DTS3013
which programming class will help me build a solid foundation for a software dev career,DTS3013
intro to C++ programming and structured logic class,DTS3013
learn how to debug C++ code and handle memory pointers online,DTS3013
best university course for algorithm development and file I/O in C++,DTS3013
where can I study data structures like arrays and structs with VS Code,DTS3013
career‑focused class that teaches C++ fundamentals for software engineering,DTS3013
looking for a Java OOP class that covers inheritance and polymorphism,DTS3093
where can I learn UML class diagrams and Java GUI basics in a university course,DTS3093
intro to object‑oriented design and Java programming course near me,DTS3093
best college class for Java collections framework and Eclipse IDE,DTS3093
which course helps with building a Java app portfolio for a software developer job,DTS3093
intro to object oriented programming java class on campus,DTS3093
where can I learn Java OOP concepts like inheritance and polymorphism with UML diagrams,DTS3093
best university course for building GUI apps using JOptionPane and IntelliJ,DTS3093
what class teaches Java collections framework and object arrays for beginners,DTS3093
"career‑focused programming course that covers OOP design, modularity, and Java IDEs",DTS3093
Is there a Java OOP class on campus this semester?,DTS3093
Where can I learn UML class diagrams and Java inheritance at university?,DTS3093
Looking for a course that teaches Java GUI basics with IntelliJ,DTS3093
"What classes cover encapsulation, polymorphism, and Java collections?",DTS3093
Best university class for object‑oriented design and a career in software development,DTS3093
What does an Object Oriented Programming class cover in Java?,DTS3093
Where can I learn Java OOP basics like inheritance and polymorphism?,DTS3093
Object Oriented Programming course with UML diagrams and IntelliJ for beginners,DTS3093
How to boost my résumé after finishing an Object Oriented Programming class?,DTS3093
Hands‑on tutorials for Object Oriented Programming using JOptionPane GUI basics,DTS3093
"Looking for a college class that teaches Java OOP, UML diagrams, and GUI basics",DTS3093
"What courses cover encapsulation, inheritance, and polymorphism in Java?",DTS3093
Where can I learn Java collections and object‑oriented design at university?,DTS3093
Best university class for building Java desktop apps with IntelliJ or Eclipse,DTS3093
Which Java programming course helps with careers in software development and OOP fundamentals,DTS3093
intro to object oriented programming with Java university class,DTS3093
"learn Java OOP design, inheritance, and UML class diagrams course",DTS3093
best campus course for Java GUI basics using JOptionPane,DTS3093
where can I study Java collections framework and modular programming,DTS3093
career benefits of taking an object oriented programming class in Canada,DTS3093
best university class to learn Java OOP and UML diagrams,DTS3093
where can I take a Java programming course that covers inheritance and polymorphism,DTS3093
looking for a campus course that teaches GUI basics with JOptionPane,DTS3093
what class should I enroll in to master Java Collections and object‑oriented design,DTS3093
which course helps me prepare for a software development job with Java IDEs like IntelliJ or Eclipse,DTS3093
object oriented programming class using Java and IntelliJ IDEA,DTS3093
how to learn Java inheritance and polymorphism in a university course,DTS3093
what’s the difference between encapsulation and abstraction in OOP,DTS3093
best resources for practicing UML class diagrams with Java projects,DTS3093
career options that need Java OOP and GUI development skills,DTS3093
Java object‑oriented programming class with hands‑on IntelliJ labs,DTS3093
"What’s the best university course to learn encapsulation, inheritance, and polymorphism in Java?",DTS3093
Looking for a class that teaches UML class diagrams and modular design for Java apps,DTS3093
Where can I take a course covering Java GUI basics (JOptionPane) and collections framework?,DTS3093
Programming courses that prepare you for a software engineering career with OOP skills,DTS3093
intro to object‑oriented programming with Java and UML class diagrams,DTS3093
how to build a simple Java GUI using JOptionPane and IntelliJ,DTS3093
"what’s the difference between encapsulation, inheritance, and polymorphism in Java",DTS3093
best online tutorials for Java collections framework and arrays of objects,DTS3093
career paths that require strong Java OOP and software design skills,DTS3093
